Date,AAPL_Close,AAPL_High,AAPL_Low,AAPL_Open,AAPL_Volume,GOOG_Close,GOOG_High,GOOG_Low,GOOG_Open,GOOG_Volume,TSLA_Close,TSLA_High,TSLA_Low,TSLA_Open,TSLA_Volume,SPY_Close,SPY_High,SPY_Low,SPY_Open,SPY_Volume
2022-01-03,179.07656860351562,179.9325571617345,174.84588302447216,174.96394419959245,104487900,144.5550994873047,145.02890671706913,142.98873654327514,143.95824499281977,25214000,399.9266662597656,400.3566589355469,378.67999267578125,382.5833435058594,103931400,457.18157958984375,457.315577453157,453.48746761440486,455.8321673669444,72668200
2022-01-04,176.80380249023438,179.99158936284988,176.23314845059463,179.68658798247785,99310400,143.8994598388672,146.08510332379365,143.30125219857842,145.02940253580405,22928000,383.1966552734375,402.6666564941406,374.3500061035156,396.51666259765625,100248300,457.0284423828125,459.35404125916847,455.1430971573813,458.62669105864893,71178700
2022-01-05,172.10086059570312,177.26624778747964,171.82537447983776,176.71527555574892,94537600,137.16067504882812,143.78138707716036,137.03113561072124,143.66480158286416,49642000,362.7066650390625,390.11334228515625,360.336669921875,382.2166748046875,80119800,448.2525634765625,457.4400336939732,448.15685488141145,456.65526410236225,104538900
2022-01-06,169.22792053222656,172.47473828919735,168.8737219585049,169.91663581088895,96904000,137.05853271484375,139.18589868612224,136.27386125678404,137.00522693228726,29050000,354.8999938964844,362.6666564941406,340.1666564941406,359.0,90336600,447.8314208984375,450.58766458808844,445.42927268724765,447.7835812090842,86858900
2022-01-07,169.39515686035156,171.3334078294236,168.2735306915419,170.10355391569084,86709100,136.5139923095703,137.75976027577275,135.30284421325464,137.41126574890635,19408000,342.32000732421875,360.30999755859375,336.6666564941406,360.1233215332031,84164700,446.06097412109375,449.0373450344811,444.6828520914487,447.84106057862004,85111600
2022-01-10,169.41488647460938,169.71988792911856,165.45967096970128,166.35500847432905,106765600,138.077880859375,138.14363884864215,132.6638317499777,134.6153160131959,34096000,352.7066650390625,353.0333251953125,326.6666564941406,333.3333435058594,91815000,445.5058898925781,445.7259875300918,436.97877119016243,442.81664489961315,119362000
2022-01-11,172.25827026367188,172.3566495746992,168.06693328968436,169.5427580708883,76138300,139.51620483398438,139.8270842700988,136.323681170024,137.68577614939423,23502000,354.79998779296875,358.6166687011719,346.2733459472656,351.22332763671875,66063300,449.5636291503906,449.6593377333256,442.1945063567871,445.237875739627,74303100
2022-01-12,172.70103454589844,174.32443598667186,172.00248580970825,173.28152209013933,74805200,141.14085388183594,142.30293809752862,140.60677741851381,141.04769800485315,23642000,368.739990234375,371.61334228515625,357.5299987792969,359.6166687011719,83739000,450.779052734375,452.8653947431278,448.7884485166867,451.3245653827894,67605400
2022-01-13,169.41488647460938,173.7734827671335,169.02132410357385,172.94702430726295,84505800,138.63287353515625,142.67286180728954,138.41665519219606,141.3326760215805,26566000,343.85333251953125,371.8666687011719,342.17999267578125,369.69000244140625,97209900,444.56793212890625,452.55911667341053,443.52477577896656,451.8987654380845,91173100
2022-01-14,170.28070068359375,170.97924946347322,168.33260081738436,168.5785716579076,80440800,139.28602600097656,140.69496496270435,137.00771325507736,137.00771325507736,23826000,349.8699951171875,350.6666564941406,337.7933349609375,339.9599914550781,72924300,444.74981689453125,445.10391239330204,440.1369373773045,441.37151101872155,95890900
2022-01-18,167.06338500976562,169.75921560588677,166.67967112863838,168.7458170220669,90956700,135.80255126953125,136.8996074151379,135.13147006719203,136.11095244557566,27382000,343.5033264160156,356.92999267578125,338.6866760253906,342.2033386230469,66743400,436.87347412109375,440.19436071427987,435.744188680593,439.98381349603727,109709100
2022-01-19,163.55091857910156,168.32275864245793,163.26559902458186,167.26016286506513,94815000,135.1663360595703,137.90401232324126,135.01488742126205,136.44824440629108,20796000,331.8833312988281,351.5566711425781,331.6666564941406,347.2366638183594,75442500,432.3371887207031,439.8594111230948,432.05964255796596,438.443029063945,109357600
2022-01-20,161.85865783691406,166.94533337388285,161.53397450312417,164.2888511126298,91420500,133.0285186767578,137.4182483640507,132.6678152000163,136.02525848731904,21930000,332.0899963378906,347.2200012207031,331.3333435058594,336.57666015625,70488600,427.5520324707031,439.0267827650756,425.39872061158934,434.2512249212793,122379700
2022-01-21,159.79248046875,163.64930096456078,159.684252711932,161.77008037475142,122848900,129.62623596191406,134.27802445524964,129.53557356128078,132.53577986551807,41920000,314.6333312988281,334.8500061035156,313.5,332.11334228515625,103416000,419.1589050292969,428.80572914993644,419.13019537322384,426.4131604566452,202271200
2022-01-24,159.0152130126953,159.68426145863555,152.20674242658725,157.44100875159458,162294600,129.90524291992188,130.31029695531998,124.19571581550221,125.576299186106,55148000,310.0,311.1700134277344,283.8233337402344,301.586669921875,151565700,420.93896484375,421.45576786257226,402.6788933090271,413.46458253400397,251783900
2022-01-25,157.204833984375,160.13680129693594,154.48932214584852,156.41772453451014,115798400,126.2817611694336,128.87544641156583,125.92554290676412,127.97567943190316,36008000,306.1333312988281,317.086669921875,301.07000732421875,304.73333740234375,86595900,415.79974365234375,420.82413808243444,408.79429526605276,414.4503313578086,167997300
2022-01-26,157.11631774902344,161.74056599656424,155.2764608855422,160.86491050929132,108275300,128.7772979736328,132.33201520362402,126.698266032751,130.12494903764392,39630000,312.4700012207031,329.2300109863281,302.0,317.4766540527344,104867400,414.7565612792969,424.95847740903787,410.43077850996156,421.78113926306736,186391100
2022-01-27,156.65390014648438,161.19943618602957,155.72904744290105,159.83183900024744,121954600,128.65870666503906,132.1351677071399,128.48334191135402,130.89067699978534,30248000,276.3666687011719,311.7966613769531,276.3333435058594,311.1199951171875,147109500,412.70849609375,422.6137357521164,410.9954380369023,419.42684728774833,149878300
2022-01-28,167.58482360839844,167.6045054755724,160.17618447475024,163.03928812749427,179935700,132.81228637695312,132.89299004637857,128.23373671541663,129.5345588414588,30518000,282.1166687011719,285.8333435058594,264.0033264160156,277.1866760253906,134789100,422.9583435058594,423.00618320158424,409.43553935631576,414.0866792974471,164457400
2022-01-31,171.96310424804688,172.17955975276536,166.77803558788963,167.41756867469104,115541600,135.21267700195312,135.357162133527,131.8004378028725,133.71754552940962,34056000,312.239990234375,312.663330078125,287.3500061035156,290.9033203125,104436000,430.57623291015625,430.9303284013812,420.9102496134448,422.2787918872668,152251400
2022-02-01,171.79583740234375,172.0221263232155,169.53290315502977,171.20550150726515,86213900,137.38485717773438,137.7052088088739,134.0864669138802,137.34152532444782,51204000,310.4166564941406,314.5666809082031,301.6666564941406,311.7366638183594,73138200,433.485595703125,434.13636736046203,427.7338513754468,431.3131246969605,123155400
2022-02-02,173.00604248046875,173.045406221179,170.5365007077257,171.9336132455733,84914300,147.50648498535156,151.55544351956087,145.03635663938198,151.31977906859,89750000,301.88665771484375,310.5,296.4700012207031,309.3933410644531,66792900,437.6965637207031,438.4334644332628,433.5813276578518,435.9260568800673,117361000
2022-02-03,170.11341857910156,173.3996002497915,169.34599079704418,171.6679560130524,89418100,142.13978576660156,148.58384098347807,141.69588510688274,144.7748187620759,56930000,297.0466613769531,312.3333435058594,293.50665283203125,294.0,78855600,427.4084777832031,433.5047381488881,426.5567093082935,431.5715531563376,118024400
2022-02-04,169.8277130126953,171.5123033629512,168.14312266243942,169.12825935026342,82465400,142.50396728515625,144.01776928929087,139.316917270586,142.50495555543466,49224000,307.7733459472656,312.1666564941406,293.72332763671875,299.0733337402344,73625400,429.41827392578125,433.32293348414623,424.7575252180446,427.16925333912457,118454400
2022-02-07,169.10858154296875,171.3645381321525,168.40912782220335,170.29074266054957,77251200,138.44058227539062,143.3315020922446,138.20243951655232,143.19449740604833,44610000,302.4466552734375,315.92333984375,300.9033203125,307.92999267578125,60994500,428.04010009765625,431.6097937397118,426.6906879090199,430.19341182727953,84472900
2022-02-08,172.23147583007812,172.74375119669648,168.88200154925988,169.17754560815493,74829200,138.71458435058594,139.33644966801236,136.3829657131782,138.4936375083855,34256000,307.3333435058594,308.7633361816406,298.26666259765625,301.84332275390625,50729100,431.5619201660156,432.4998174932737,426.08772249715975,427.5328431571022,81012000
2022-02-09,173.659912109375,174.02440791137533,172.30041852916588,173.43333485667165,71285000,140.9465789794922,141.66649596510112,139.8744272144619,140.3454825058692,28628000,310.6666564941406,315.42333984375,306.6666564941406,311.6666564941406,52259400,437.87835693359375,438.2037427687526,435.45707860200986,435.6580461930455,92589900
2022-02-10,169.561767578125,172.87182834222676,169.00024733142757,171.55174843259016,90865900,138.10626220703125,140.92464192662194,137.55575002383483,139.00055562570753,33018000,301.51666259765625,314.60333251953125,298.8999938964844,302.7900085449219,66126900,430.0115661621094,438.0410110062665,427.982672710365,431.94475103088934,140103700
2022-02-11,166.1334686279297,170.507478406019,165.54238053770345,169.7686258092335,98670700,133.64979553222656,138.7845900176904,132.81130131928032,138.25325024253885,38808000,286.6666564941406,305.32000732421875,283.5666809082031,303.2099914550781,79645800,421.5323181152344,432.2031687380772,420.0776468513901,430.09772579352585,153214600
2022-02-14,166.36990356445312,167.059496301351,164.08437902845532,164.88233741200816,86185500,134.8155975341797,135.67899611383496,132.82474974474476,132.88801425052858,26792000,291.9200134277344,299.6266784667969,284.3833312988281,287.19000244140625,67756500,420.1542053222656,422.6233526440916,416.6323511083873,421.01555344290733,123006300
2022-02-15,170.22178649902344,170.37941199974063,167.7195455611175,168.4288452823497,62527400,135.93707275390625,137.40628106413632,135.05424325091025,136.97931786594233,26578000,307.4766540527344,307.6666564941406,297.7933349609375,300.0,57286200,426.9300231933594,427.1022811538941,424.1354897179703,424.66187242782405,88482700
2022-02-16,169.98536682128906,170.76361832030156,167.52252469125588,169.29577403127885,61177400,136.99526977539062,137.45212435969856,134.340958020222,135.9420472393091,25610000,307.7966613769531,308.80999755859375,300.4033203125,304.6833190917969,51294300,427.4084777832031,428.8057297242315,422.94872622819605,424.85320156463507,84863600
2022-02-17,166.36990356445312,169.35486679359227,165.96599387855787,168.4879416203525,69589300,131.83480834960938,136.34957699668786,131.72868331835218,135.66254665465073,30968000,292.1166687011719,306.1666564941406,291.3666687011719,304.4200134277344,55178400,418.2784729003906,427.3798145565786,417.6659904347528,424.17376631374515,102259100
2022-02-18,164.8133544921875,168.00518742290222,163.71985227614857,167.29590290762562,82772700,130.00038146972656,133.34487040132638,129.8405097537092,132.56118730761273,31858000,285.6600036621094,295.6233215332031,279.2033386230469,295.3333435058594,68501700,415.570068359375,419.80969324141455,413.26362854344836,418.5368302909933,132642900
2022-02-22,161.877685546875,164.2124549433413,159.73992547123078,162.52786440797053,91162800,128.93919372558594,131.42850964645913,127.28364340375532,129.51961244514993,38906000,273.84332275390625,285.57666015625,267.0333251953125,278.0433349609375,83288100,411.11029052734375,416.7854563215084,407.5596976436782,413.3306012306589,124391800
2022-02-23,157.69085693359375,163.68047553080768,157.37560593795362,163.07954147336417,90009200,127.12821960449219,131.27730552010405,127.04701418814436,130.60921954374385,26432000,254.67999267578125,278.4333190917969,253.52000427246094,276.80999755859375,95256900,403.8177795410156,414.6417586110405,403.2435571795435,414.0675362495683,132578000
2022-02-24,160.3211669921875,160.42953264062146,149.74079243125084,150.31217357463046,141147500,132.198486328125,132.5606949977913,124.31781364241006,124.55246702373462,43166000,266.92333984375,267.49334716796875,233.3333282470703,233.4633331298828,135322200,409.89483642578125,410.3350900718433,392.99375772002986,393.35740361011335,213942900
2022-02-25,162.3998260498047,162.66580219316097,158.47897031474255,161.40482814763232,91974200,134.0378875732422,134.90428135916164,131.29324802809984,133.0474430555504,26236000,269.9566650390625,273.1666564941406,260.79998779296875,269.74334716796875,76067700,418.93878173828125,419.02491070722886,409.47376588861783,411.1485639880856,121804500
2022-02-28,162.665771484375,162.96131550875083,160.01575128472777,160.63639223271767,95056600,134.40805053710938,135.15486354343403,132.34969650691255,132.80729603156396,29676000,290.1433410644531,292.28668212890625,271.57000732421875,271.6700134277344,99006900,417.8668518066406,419.3693917387297,412.19168669440745,413.4645202048917,145615000
2022-03-01,160.7742919921875,164.12376549051976,159.56257816898673,162.2519969094539,83474400,133.68765258789062,135.62368947087188,132.90097415946244,133.99853204182602,24640000,288.1233215332031,296.6266784667969,284.59332275390625,289.8933410644531,74766900,411.5026550292969,418.3836844230095,408.7559618376784,416.3452113728505,137785900
2022-03-02,164.08438110351562,164.87249354079174,160.52803669540245,161.94663607610053,79724800,134.26905822753906,135.12996335459587,132.95478026640944,134.12632157754155,23966000,293.2966613769531,295.49334716796875,281.42333984375,290.7099914550781,74643300,419.0727844238281,420.82413189155534,413.0243636370108,413.7899739516777,117726500
2022-03-03,163.75929260253906,166.3994671487369,163.08940676711282,165.96600453428687,76678400,133.82716369628906,136.2243581797874,132.95330453147292,135.4916848558496,19780000,279.7633361816406,295.4800109863281,277.5333251953125,292.92333984375,61623600,416.9864501953125,422.15439293275494,415.1585241377455,421.5419105106347,105501700
2022-03-04,160.74476623535156,163.0893965768349,159.6906776997061,162.04515399744983,83737200,131.6489715576172,133.71854656188182,129.94160524814606,132.9049719802422,24446000,279.42999267578125,285.2166748046875,275.0533447265625,283.0333251953125,66999600,413.59857177734375,414.74698720991927,409.4929157809473,413.1966073919381,113978200
2022-03-07,156.9322967529297,162.56728050558442,156.67615156199417,160.93194979420673,96418800,126.01173400878906,131.43176609508782,125.95743235220127,131.43176609508782,39178000,268.1933288574219,288.71331787109375,268.19000244140625,285.4333190917969,72494100,401.4059753417969,413.7229126921789,401.3389764176622,413.0051421779967,137896600
2022-03-08,155.0999298095703,160.4590760477699,153.4843061670537,156.45942331275887,131148300,126.82281494140625,130.7766108324504,125.41013572795455,125.79849555692755,35250000,274.79998779296875,283.3299865722656,260.72332763671875,265.1766662597656,80399100,398.3627014160156,408.85171475785677,397.2812556557022,401.58787945479423,164772700
2022-03-09,160.52801513671875,160.9811846126907,157.04063798751446,159.0798630494071,91454900,133.38671875,133.71803256204845,129.6222451923781,130.92954432969916,32258000,286.3233337402344,286.85333251953125,277.336669921875,279.82666015625,59184000,409.04315185546875,411.0529155674497,404.65039887128705,406.8707098141644,116990800
2022-03-10,156.16387939453125,158.00608027819325,153.66162367046195,157.81890189348016,105342000,132.20697021484375,133.06039483944383,130.93055069471362,130.99182345374408,24266000,279.4333190917969,284.8166809082031,270.1199951171875,283.8166809082031,58648500,407.1960754394531,408.10523405019,402.372648611678,404.3632529816223,93972700
2022-03-11,152.43023681640625,156.91261296741504,152.2036595257478,156.56780902041552,96970100,130.00836181640625,133.7195297958175,129.83000182653996,133.51974714584367,26600000,265.1166687011719,281.26666259765625,264.5899963378906,280.0666809082031,67037100,402.0185852050781,410.344707682574,401.5017821307263,409.7226455926831,95636300
2022-03-14,148.3813018798828,151.8292807234323,147.86904156044886,149.19896723804965,108732100,126.28723907470703,130.55690156260897,125.96041806350173,130.1055204744434,30254000,255.4566650390625,266.8999938964844,252.01333618164062,260.2033386230469,71152200,399.0804748535156,406.30602092919,397.92247973490345,402.80332591607095,95729200
2022-03-15,152.7848663330078,153.2577428312749,148.14488031272373,148.65714063785396,92964300,129.1962890625,130.04995695836078,126.1148546263226,127.28415325372953,30292000,267.2966613769531,268.5233459472656,252.19000244140625,258.42333984375,66841200,407.8564147949219,408.4976068523178,400.43945181050805,401.7314155460901,106219100
2022-03-16,157.2179718017578,157.62188148073074,152.1642304485378,154.71573104732857,102300200,133.21185302734375,133.2920549603963,128.7384248661199,130.53097988127888,32058000,280.07666015625,280.6666564941406,267.4200134277344,269.6666564941406,84028800,416.9002380371094,416.95765734003334,406.5451953861939,411.4164901647757,144954800
2022-03-17,158.23265075683594,158.60700751026562,155.28710166640653,156.25253141620664,75615400,134.11859130859375,134.25710119546162,132.24382730089576,132.84367697889772,23994000,290.5333251953125,291.6666564941406,275.239990234375,276.9966735839844,66582900,422.11614990234375,422.11614990234375,414.5747681100891,414.9575732901392,102676900
2022-03-18,161.54270935058594,162.03527769294337,157.38543133852977,158.1242838520659,123511700,136.3117218017578,136.42332033291746,132.4560837751494,133.4046712900064,45900000,301.7966613769531,302.6166687011719,289.1300048828125,291.4966735839844,100414200,426.73944091796875,427.0658375946796,419.73144850711753,420.48024777648766,106345500
2022-03-21,162.92193603515625,163.87751997618588,160.58715149363252,161.07971991552427,95811400,135.98988342285156,137.0899348016875,134.1295632311658,136.35756562229858,26632000,307.0533447265625,314.2833251953125,302.36334228515625,304.99334716796875,81981600,426.6146545410156,428.60183339554396,423.05303143961345,426.56663693582357,88349800
2022-03-22,166.31077575683594,166.9018487251118,162.45888786413715,163.04996083241298,81532000,139.7752685546875,140.993395354362,136.01129657858948,136.01129657858948,29776000,331.32666015625,332.6199951171875,307.25,310.0,105868500,431.606689453125,432.5570807232377,428.02587647564286,428.02587647564286,74650400
2022-03-23,167.68014526367188,170.07402052830085,165.15818236981434,165.49314031396403,98062700,138.0076141357422,139.5236663876036,137.6718302962994,138.64035039393787,25302000,333.03668212890625,346.8999938964844,325.4666748046875,326.64666748046875,120676200,426.04827880859375,430.55068422258705,425.9618822653039,429.03389607889636,79426100
2022-03-24,171.4827880859375,171.55173985257596,167.68015903541058,168.51751638457037,90131400,140.80606079101562,140.89026142032628,137.5451793229498,138.77387297706383,20544000,337.97332763671875,341.4966735839844,329.6000061035156,336.57666015625,68920800,432.4707336425781,432.4803430251999,426.96994802958653,428.10274189682093,64736900
2022-03-25,172.12310791015625,172.67478212909984,170.18238715508997,171.29559658174085,80546200,141.01483154296875,141.45126696496231,139.19934837160545,141.24649733376881,19270000,336.8800048828125,340.6000061035156,332.44000244140625,336.0,62031600,434.5826721191406,434.8610804950929,430.4930602054369,433.1138723792305,77101300
2022-03-28,172.99002075195312,173.11807830876265,169.4435224096512,169.61099385470519,90371900,141.44178771972656,141.4681973448859,139.32754290350204,140.18081554228567,23774000,363.9466552734375,365.9599914550781,351.20001220703125,355.0333251953125,102506100,437.6738586425781,437.6738586425781,432.05784950954336,433.9778506287421,68529800
2022-03-29,176.30007934570312,176.3493241575945,173.7190108396555,174.06381471485844,100589400,142.73712158203125,143.64636063712274,141.97385764763695,142.64794919552057,28678000,366.5233459472656,371.5899963378906,357.7033386230469,369.3299865722656,73614900,443.08831787109375,443.5875369924363,438.8931194380086,441.61951795040653,86581500
2022-03-30,175.12777709960938,176.940425244863,174.0736734844487,175.89618261840158,92633200,142.1337890625,142.96679446293496,141.65899362107518,142.35847610724753,21046000,364.663330078125,371.3166809082031,361.3333435058594,363.72332763671875,59865000,440.3523254394531,442.75232714928904,438.21151336739695,441.9267113267196,79666900
2022-03-31,172.01470947265625,175.38387498077014,171.80782416398608,175.19669661387624,103049300,139.14952087402344,142.13379306131586,139.11912776162077,141.93849564820312,29516000,359.20001220703125,367.71331787109375,358.8800048828125,364.8566589355469,48992700,433.57464599609375,440.4098449649705,433.1138352027156,439.57464920569635,121699900
2022-04-01,171.71920776367188,172.28074300264421,169.38443815993526,171.44337063884205,78751300,140.19627380371094,140.4453787732286,138.30008689737573,139.50874165517646,23480000,361.5299987792969,364.9166564941406,355.5466613769531,360.3833312988281,54263100,434.8034973144531,435.3218765597975,431.17469611257184,435.17788232497963,89048800
2022-04-04,175.78781127929688,175.83707112521444,171.84726411780443,171.97533671079117,76468400,143.1282196044922,143.52802814664352,140.32030047713258,140.32030047713258,19076000,381.8166809082031,383.3033447265625,357.510009765625,363.1266784667969,82035900,438.5282897949219,438.6339051019135,434.1699078920311,435.0051037787768,59601000
2022-04-05,172.45806884765625,175.64991791768637,171.82758181268696,174.8618053659756,73401800,140.5579833984375,143.0759293007277,140.43890440933222,142.88612055455937,19256000,363.7533264160156,384.2900085449219,362.4333190917969,378.76666259765625,80075100,432.98907470703125,439.5170671475904,431.8274821700478,437.01147961365575,74214500
2022-04-06,169.27606201171875,171.0493112985937,167.60133241989047,169.79818332507708,89058800,136.6848602294922,139.34779241910164,135.92968492374146,138.66325562973975,23574000,348.586669921875,359.6666564941406,342.5666809082031,357.8233337402344,89348400,428.65948486328125,430.97308997332436,425.7314945642103,429.014709717459,106898000
2022-04-07,169.58145141601562,170.7833195377172,167.32549471465475,168.61602154238474,77594700,135.97642517089844,137.20850945122552,134.3744388907678,136.12887727957656,19448000,352.4200134277344,358.86334228515625,340.5133361816406,350.7966613769531,79447200,430.8194580078125,432.66267204741945,425.78906424707714,427.7666631360789,78097200
2022-04-08,167.56192016601562,169.2268038174018,166.68514898671697,169.2268038174018,76575500,133.5307159423828,135.76220006872748,133.27364400839014,135.76220006872748,16434000,341.8299865722656,349.4800109863281,340.8133239746094,347.7366638183594,55013700,429.66748046875,432.6050799944686,428.1026747854182,430.05147485374647,79272700
2022-04-11,163.2864227294922,166.51767019391744,163.04013853231345,166.2024342381658,72246700,129.331787109375,132.46323559117815,129.15342712617422,132.4241761080273,24188000,325.30999755859375,336.15667724609375,324.8800048828125,326.79998779296875,59357100,422.323486328125,427.2002765950259,421.814687170573,426.34586197932674,89770500
2022-04-12,165.1680450439453,167.34518902716218,164.16320126523246,165.52269490513837,79265200,127.9148941040039,131.94939398698094,127.11925280790574,131.94939398698094,23004000,328.98333740234375,340.39666748046875,325.5333251953125,332.5466613769531,65976000,420.7586669921875,427.9202631938268,419.18425196133813,425.357048726688,84363600
2022-04-13,167.86729431152344,168.4977812231989,164.2912581707364,164.90203813867376,70618900,129.8195343017578,130.18796146391648,127.97875166104674,128.16597566545502,19542000,340.7900085449219,342.0799865722656,324.3666687011719,327.02667236328125,55121100,425.57781982421875,426.3458085063883,420.32661591101356,420.5090183499847,74070400
2022-04-14,162.833251953125,168.72438072783297,162.586967757821,168.08403280084593,75329400,126.79740905761719,130.24228395600474,126.65642088404626,130.1817561959502,23484000,328.3333435058594,337.57000732421875,327.39666748046875,333.0966796875,58422300,420.2786560058594,426.9410622778662,420.173040709212,425.8082393443114,97869500
2022-04-18,162.6165313720703,164.12378940474295,161.13882623948976,161.4836150845622,69023900,127.50286865234375,128.2511869538915,126.1252730127569,126.95384646800288,14918000,334.7633361816406,338.3066711425781,324.4700012207031,329.6766662597656,51715200,420.45147705078125,422.160277000134,418.1858603298236,419.3378728044657,66002500
2022-04-19,164.91189575195312,165.32566643973334,161.47377791030922,162.5672803691689,67723800,130.0636749267578,130.4350821252212,126.99519434369422,127.61845083554822,22720000,342.7166748046875,344.9800109863281,331.77667236328125,335.0199890136719,49847700,427.2386779785156,427.96825851732666,420.17305828262903,420.3458513604874,77821000
2022-04-20,164.74441528320312,166.36989994769078,163.63122097212312,166.25167331536827,67929800,127.7863540649414,131.45117988438113,127.43616426035942,130.8139735581017,22610000,325.73333740234375,344.6666564941406,325.0833435058594,343.3333435058594,70711200,426.9218444824219,429.66746134186644,425.7410625335433,429.04346683191295,65224400
2022-04-21,163.94644165039062,168.98049059953183,163.44402736378478,166.39943735274457,87227800,124.49019622802734,129.840965579761,124.20372706177547,128.8869045876794,30158000,336.260009765625,364.0733337402344,332.1400146484375,358.24334716796875,105416400,420.53790283203125,432.00992287579226,419.6163103663754,430.5987206798366,85417300
2022-04-22,159.38526916503906,165.37490244633076,159.09958611983004,163.98587104446065,84882400,119.18575286865234,125.00285653765165,118.71395260766738,124.5524713347569,46410000,335.01666259765625,344.95001220703125,331.3333435058594,338.3033447265625,69696600,408.9986877441406,420.55707455027704,408.42268149107883,419.4338901888569,132471800
2022-04-25,160.4590606689453,160.74474368035393,156.10475852573447,158.7252105627672,96046400,122.8087387084961,122.8366383408899,118.34402971544009,119.0019136901976,34522000,332.67333984375,336.2066650390625,325.1000061035156,326.3233337402344,68341200,411.369873046875,411.54266612637855,402.0866542060726,406.7234735843411,119647700
2022-04-26,154.4694366455078,159.9270873168943,154.3906239061385,159.83842862210122,95623200,119.07814025878906,122.31052934488176,118.73522564748922,122.31052934488176,49394000,292.1400146484375,333.3333435058594,291.6666564941406,331.80999755859375,136133700,399.45623779296875,408.99864567726297,399.4274389481225,408.797024466447,103996300
2022-04-27,154.2428741455078,157.4150007741114,153.07055896241795,153.59268025761008,88063200,114.60870361328125,117.07932632115738,112.7192446989998,113.96352270601636,62238000,293.836669921875,306.0,292.4533386230469,299.52667236328125,76956300,400.5794677734375,406.00349497952044,398.40988618789964,400.5506689253032,122030000
2022-04-28,161.20779418945312,162.07471943122334,156.56779299297258,156.88304400161465,130216800,118.98397827148438,120.00730179995185,114.7316562557936,116.69569911648658,36790000,292.5033264160156,300.0,273.8999938964844,299.99334716796875,124948500,410.6978454589844,412.4546629252452,400.89624774811995,405.3986528084858,105449100
2022-04-29,155.3068084716797,163.7297310076839,154.91275976964212,159.43453401469895,131747600,114.55489349365234,118.5340956253253,114.28337001697713,117.15704732652016,33694000,290.2533264160156,311.4666748046875,290.0,300.75,88133100,395.5202331542969,408.83543631594483,394.76182450409937,406.6466361975492,145491100
2022-05-02,155.61221313476562,155.87818924361486,150.99191920912216,154.38079215381563,123055300,116.73754119873047,116.91939053184562,112.99349445707217,113.49868301870562,30280000,300.9800109863281,302.1199951171875,282.6766662597656,286.92333984375,75781500,397.901123046875,399.28352647632454,388.8194948206776,395.58751771421146,158312500
2022-05-03,157.10963439941406,158.3213636541566,153.9966131048799,155.799400470235,88966500,117.70657348632812,118.87288455899288,116.20945031199425,116.34695673020803,21216000,303.0833435058594,308.02667236328125,296.1966552734375,301.05999755859375,63709500,399.7250671386719,402.1730570272212,396.82584648510385,398.40987096264143,100028200
2022-05-04,163.55242919921875,164.00558374657948,156.89289426291103,157.29680399181643,108256500,122.13615417480469,122.70212141288972,115.32413573355524,117.58102597665066,33232000,317.5400085449219,318.5,295.09332275390625,301.3133239746094,81643800,411.89788818359375,412.473894449248,397.16187193034256,400.3970695247512,144247900
2022-05-05,154.43988037109375,161.64122704261723,152.64692441162111,161.41464981687918,130525300,116.3285140991211,120.7992056736397,114.7701182637869,119.79007526736054,43090000,291.09332275390625,315.20001220703125,285.8999938964844,313.00665283203125,92519100,397.25787353515625,408.0002833390586,393.0626753092673,407.5682713202944,172929100
2022-05-06,155.16995239257812,157.30097774874963,152.11153553580905,153.91698631916998,116124600,115.24591064453125,117.07782170539609,113.7343360014804,115.10540901478998,35310000,288.54998779296875,296.0,281.03668212890625,295.6666564941406,72903000,394.8866271972656,398.20822093478495,389.50103811323004,394.6562364376596,151770800
2022-05-09,150.01998901367188,153.73941561249285,149.45764385540176,152.85148081205793,131577900,112.67913055419922,115.14915257563169,112.14853582141485,112.89784237811759,34520000,262.3699951171875,281.8766784667969,260.3833312988281,278.8166809082031,90810300,382.24346923828125,390.153865168307,380.64025527247725,388.8962666686615,155586100
2022-05-10,152.43710327148438,154.63719664476065,150.87829859313095,153.4335628431723,115366700,114.17426300048828,116.27321994499016,112.97736120235442,115.62504384419059,31158000,266.67999267578125,275.1199951171875,258.0833435058594,273.10333251953125,84401700,383.1266174316406,389.83701192649266,379.0274256145316,388.3106145618517,132497200
2022-05-11,144.53460693359375,153.36453383442003,143.85386132504854,151.44069736728082,142689800,113.55298614501953,116.25328267144218,113.24310259240465,113.30338708010763,36502000,244.6666717529297,269.92333984375,242.39999389648438,265.0,97224600,377.040283203125,387.8786995472193,376.2818744303427,382.1474940705117,142361000
2022-05-12,140.64744567871094,144.23861168034963,136.9378943865604,140.8546349911873,182602000,112.755859375,114.4452846964653,109.71926955329684,111.53723843626837,41464000,242.6666717529297,253.22000122070312,226.6666717529297,233.6666717529297,140313000,376.6466369628906,379.96823088051195,369.7442302121438,373.795433970601,125090800
2022-05-13,145.1363983154297,146.1131220663248,141.19006162279788,142.6502019839293,113990900,116.09835052490234,117.66222752104503,113.59185367655148,114.43432373293733,29738000,256.5299987792969,262.45001220703125,250.52333068847656,257.82666015625,92150700,385.6514587402344,387.05305147320314,379.7858395883378,380.841846152997,104174400
2022-05-16,143.5874786376953,145.54092647551983,142.24572332922702,143.59735411573675,86643800,114.38152313232422,116.19001989826418,113.9256568170744,114.97090477450485,23282000,241.4566650390625,256.586669921875,239.69667053222656,255.72000122070312,86098500,384.0866394042969,387.8114464475931,381.69624726746645,383.98105340001786,78622400
2022-05-17,147.2378387451172,147.76072719277806,144.71217042216534,146.86293191317884,78336300,116.28368377685547,116.80780155817705,114.92456876785926,116.80780155817705,21576000,253.8699951171875,254.82666015625,242.9499969482422,249.1199951171875,80236200,391.9874267578125,392.2274268923434,386.47700374709785,390.269017591442,83029700
2022-05-18,138.93080139160156,145.38305576655117,138.02313063348345,144.87990321822826,109742900,111.99858093261719,115.28143259540433,111.74050553304814,114.8249277131102,27982000,236.60333251953125,253.5,233.60333251953125,248.17333984375,87811800,376.18585205078125,387.6482625030224,374.928253504908,387.3602740180498,117674500
2022-05-19,135.50733947753906,139.75951476961413,134.76740136256322,138.00339618106452,136095600,110.3489990234375,113.18082673273518,110.07249619948365,111.44058157296826,29192000,236.47332763671875,244.6666717529297,231.3699951171875,235.6666717529297,90296700,373.8818359375,378.3746611368892,371.62582860497764,373.07543892655684,98510700
2022-05-20,135.74411010742188,138.8123874278818,130.8309252366742,137.22398633811162,137426100,108.92163848876953,112.14704881677878,105.99216191499981,111.68421140516337,37586000,221.3000030517578,240.52667236328125,211.0,237.99667358398438,144973200,374.04510498046875,381.14910482436636,365.318701490314,377.5203030829466,131432200
2022-05-23,141.19007873535156,141.33806035762905,135.80332187322705,135.94144307204655,117726300,111.2667007446289,111.60449153557721,108.76345006727804,109.70979490706735,31558000,224.96665954589844,226.65333557128906,212.68666076660156,218.33999633789062,88903500,381.04339599609375,381.8209940260084,374.7649847759596,377.1169683280498,76414900
2022-05-24,138.4769744873047,140.06537583009975,135.48762522944844,138.92093441641646,104132700,105.54676055908203,106.01407558178401,101.84206963063869,105.99664401380095,60386000,209.3866729736328,217.97332763671875,206.85667419433594,217.8433380126953,89092500,378.1346435546875,379.3442243669144,371.4818172514222,376.85782637352946,91448800
2022-05-25,138.63482666015625,139.8877778515704,136.48406511064104,136.57285408248967,92482700,105.4605712890625,106.16324670958697,103.83815066744346,104.76556636684283,37900000,219.60000610351562,223.10667419433594,207.6699981689453,207.9499969482422,92139300,381.4754333496094,383.47225100185494,376.21464881692896,376.6178326622619,91472900
2022-05-26,141.85107421875,142.40355895877516,135.30015577230265,135.5468018208196,90601500,107.90827178955078,108.56516747534104,105.11032644578142,105.6708125599111,30288000,235.91000366210938,239.55667114257812,217.8866729736328,220.47332763671875,106003200,389.09783935546875,390.75865093400427,382.5122493271417,382.72345063021044,82168300
2022-05-27,147.6324462890625,147.6719030298471,143.311203050322,143.43946380251003,90978500,112.39515686035156,112.46390246544588,109.15778849075801,109.39542949653581,29924000,253.2100067138672,253.26666259765625,240.17666625976562,241.0833282470703,89295000,398.64984130859375,398.76503668811415,391.39223942988707,391.5938313440478,84768700
2022-05-31,146.84317016601562,148.6387604091579,144.8700020152632,147.0700953422885,103718400,113.63072204589844,116.01665005008576,112.16947303942125,112.67415992477483,51302000,252.75332641601562,259.6000061035156,244.7433319091797,257.9466552734375,101914500,396.41302490234375,399.80182571319057,393.62902913285666,397.00822056308124,95937000
2022-06-01,146.71493530273438,149.7042840674564,145.6987397803345,147.8889577936666,74286600,113.72836303710938,116.97868532399976,113.14396078084317,114.52002078564327,28630000,246.7899932861328,257.32666015625,243.63999938964844,251.72000122070312,77247900,393.2066345214844,399.59063252681636,390.653029459973,398.5634541706142,86585800
2022-06-02,149.1814422607422,149.24063491946666,144.88979385420865,145.84678198114523,72348100,117.32444763183594,117.47590386672852,112.90233304444737,113.77918733132432,27472000,258.3333435058594,264.2099914550781,242.06666564941406,244.1566619873047,93473100,400.69464111328125,400.74262942172345,390.75862962373566,393.0434356059048,79609600
2022-06-03,143.42959594726562,145.98484505836583,142.52194041547213,144.92919288462284,88570300,114.15383911132812,115.9478918984923,113.26104327507164,115.57722209680439,25052000,234.51666259765625,247.79666137695312,233.4166717529297,243.22666931152344,112393800,394.11865234375,397.4786544251359,393.1298529031036,395.9042393873492,71874300
2022-06-06,144.17941284179688,146.57682025024437,142.95604302742927,145.0574721682304,71598400,116.5915756225586,118.9710265621197,116.11110138059988,116.32453736967054,23786000,238.27999877929688,244.86666870117188,234.35000610351562,244.35333251953125,84204600,395.31866455078125,399.9458452856898,394.1282438569681,398.18905703711096,57508900
2022-06-07,146.71493530273438,147.00103808191767,142.16678177736554,142.41342781441574,67808200,116.8097915649414,117.32708267101492,114.71332807292981,115.23395649193232,26414000,238.8866729736328,239.99667358398438,230.0933380126953,234.0,72808500,399.11065673828125,399.5714675924091,391.305846846802,391.7762670823371,59272400
2022-06-08,145.97500610351562,147.85937050052127,145.48171399929922,146.58668349543828,53950200,116.81825256347656,118.2212162544869,116.27893826853564,116.45805085333052,22544000,241.86666870117188,249.9633331298828,239.17666625976562,240.086669921875,76210500,394.771484375,399.1874934023535,393.9650873121279,397.37307803821915,64350000
2022-06-09,140.72637939453125,145.96513944929978,140.61785452288095,145.10681595338983,69473000,114.5065689086914,117.92628084366468,114.4557490058255,115.92497254319008,23142000,239.7066650390625,255.54666137695312,239.32666015625,249.33999633789062,96491400,385.38262939453125,395.2706235013598,385.38262939453125,392.9666280033203,86289800
2022-06-10,135.29031372070312,138.8716045946932,135.22124559178127,138.39804833237955,91437900,111.028564453125,113.0906589871753,110.46409482929529,112.37746987766197,31324000,232.22999572753906,239.5,227.913330078125,235.1566619873047,97536600,374.2081604003906,379.94897358778485,374.16017209706814,379.0849790497607,132893900
2022-06-13,130.11070251464844,133.3861535609231,129.67660314673896,131.08741103836763,122207100,106.49385833740234,108.82746864703272,106.20643891991365,107.06131555329432,36756000,215.73666381835938,226.63333129882812,214.68333435058594,223.1666717529297,102767400,360.0002136230469,366.53781515869,358.36820093586545,364.6562222452834,170004900
2022-06-14,130.9789276123047,132.0937727002188,129.71610089948248,131.3439740438812,84784300,106.81021881103516,108.06919157563813,105.97123052404666,106.50730635592481,25480000,220.88999938964844,226.3300018310547,211.73666381835938,218.2866668701172,97988700,358.9154052734375,362.82261459035516,355.76660460330424,361.77621749385116,104011800
2022-06-15,133.6130828857422,135.49746220656547,130.3869635861187,132.4883775680402,91533000,109.99527740478516,111.66179004593572,107.73165943743341,108.50961063039887,33192000,233.0,235.663330078125,218.14999389648438,220.9166717529297,119131800,364.0322570800781,368.54424254307577,357.2354360927038,362.2658301082389,125666800
2022-06-16,128.3151397705078,130.61388278319032,127.30881966252552,130.30804408715656,108123900,106.25421905517578,108.8992105630685,105.41374075172075,107.76229677299612,35314000,213.10000610351562,225.1666717529297,208.69332885742188,222.73666381835938,107390700,351.98419189453125,356.10260241148677,349.51698347713915,355.6898092108188,134473300
2022-06-17,129.79501342773438,131.2946256093659,128.06849109789493,128.32501262151087,134520300,107.47931671142578,108.85835672914541,105.25037181373703,106.1535824747806,43516000,216.75999450683594,220.97000122070312,213.19667053222656,213.43333435058594,92641800,352.74298095703125,356.13679889885117,349.1853038450942,352.40555287965583,111113900
2022-06-21,134.0471954345703,135.2212330849965,131.53141767403508,131.63006706526505,81000500,111.61395263671875,112.26959394416423,108.90219981555238,109.30923793398885,39010000,237.0366668701172,243.57666015625,224.3333282470703,224.60333251953125,122793000,361.622802734375,363.0304498179692,358.4796725310376,358.55682080664184,76811900
2022-06-22,133.53416442871094,135.9118206770168,132.11348091103585,132.98166468533162,73409200,111.63288879394531,113.36217943547064,110.3278778126662,110.76501258938546,23922000,236.086669921875,246.8333282470703,233.82666015625,234.50332641601562,101107500,360.9671936035156,365.14193929698536,356.9081114778722,357.3323387281696,90059400
2022-06-23,136.41502380371094,136.73072297109198,133.81044169296604,134.98447949114987,72433800,112.28106689453125,112.79123485828705,110.63149162958359,112.54561166454329,24710000,235.07000732421875,239.31666564941406,228.6366729736328,237.9066619873047,104202600,364.5056457519531,365.24802882464746,359.5210190488833,363.13657261285954,79292100
2022-06-24,139.759521484375,140.00616753455043,137.89487794721208,138.02312365652875,89116800,118.11360931396484,118.21274803381166,113.1962725541736,113.1962725541736,39122000,245.7066650390625,246.06666564941406,236.086669921875,237.47000122070312,95770800,376.0946960449219,376.1043469367641,367.6969783931228,367.72590164519863,98050300
2022-06-27,139.759521484375,141.56497237814864,139.07877597723802,140.78556242930944,70207900,116.20496368408203,118.82305909599042,115.58543980577458,118.50918443175061,32840000,244.9199981689453,252.07000732421875,242.56666564941406,249.36666870117188,89178300,374.6581115722656,377.3287898262571,373.5493477192666,377.02990642475606,66009600
2022-06-28,135.59613037109375,141.4958994767852,135.47774508831563,140.22321252468137,67083400,112.1684799194336,117.43455487826039,112.04143395578056,115.93444400214202,28232000,232.663330078125,249.97000122070312,232.3433380126953,244.48333740234375,90391200,367.0027770996094,379.0642729597043,366.8870840956626,376.2393275606886,86548900
2022-06-29,137.36212158203125,138.78280531761038,134.83646829837102,135.61587828995619,66242400,111.8545913696289,113.25754748739476,111.15460711931249,111.74697633620637,18628000,228.49000549316406,231.17333984375,222.27333068847656,230.5,82897200,366.703857421875,368.564655039321,364.85271069495315,367.56196282200773,65676000
2022-06-30,134.8857879638672,136.5136458111151,131.97536769395867,135.40867636590826,98964500,108.98091888427734,110.93121718755351,106.92580310822584,110.10388287060096,38046000,224.47332763671875,229.4566650390625,218.8633270263672,224.50999450683594,94600500,363.72467041015625,367.0124171513045,359.2028159576094,362.75087194994956,112508300
2022-07-01,137.06614685058594,137.17467172359363,133.84002709260307,134.21491888238126,71051600,108.69046020507812,109.41321267365052,106.72153691607586,107.94912065304713,31028000,227.26333618164062,230.22999572753906,222.1199951171875,227.0,74460300,367.57159423828125,368.0151232861389,360.3983342745425,363.05939086789806,74839700
2022-07-05,139.6608428955078,139.71017511136174,135.09295369166503,135.92169577740663,73353800,113.47925567626953,113.64425880738834,105.86909537001831,107.12957333184349,36398000,233.06666564941406,233.14666748046875,216.1666717529297,223.0,84581100,368.2658386230469,368.2851404076043,359.5306630196337,362.4038336907434,81438000
2022-07-06,141.00259399414062,142.1864918716594,139.1872829116733,139.45366482669044,74064300,114.80101013183594,115.93543045167957,111.84862090793649,113.68352724521469,28852000,231.73333740234375,234.56333923339844,227.18666076660156,230.77999877929688,71853600,369.50958251953125,372.0356446250894,365.99044952308304,368.41044008819324,70426200
2022-07-07,144.3865966796875,144.58391049928917,141.35777610681967,141.36763652887194,66253700,118.87886047363281,119.43286963943702,115.12036182373075,115.59267143817515,32184000,244.5433349609375,245.3633270263672,232.2100067138672,233.9199981689453,81930600,375.0437316894531,375.85361206960937,369.5288067378158,371.312485521665,64525900
2022-07-08,145.0673370361328,145.57050462277482,143.05471185180627,143.31121832945087,64547800,119.73827362060547,120.0038142628316,117.09327444538708,117.1291486592624,29082000,250.76333618164062,254.97999572753906,241.16000366210938,242.3333282470703,101854200,374.7352294921875,376.63460128325914,371.8331360418912,373.3853994256189,72397800
2022-07-11,142.92645263671875,144.67271093962017,141.85107943859236,143.71572303183265,63141600,116.1053237915039,118.36919271145733,115.81835288571834,118.2252093223456,26718000,234.3433380126953,253.06333923339844,233.6266632080078,252.10333251953125,99241200,370.4543762207031,372.9997101260884,369.7505380070242,372.01629034364663,58366900
2022-07-12,143.90318298339844,146.45843264319691,143.10405212913633,143.80451853424552,77588800,114.43831634521484,117.42757569221024,114.20465122337698,116.42019371104023,24970000,233.07000732421875,239.77333068847656,228.3699951171875,236.84666442871094,87930900,367.1763000488281,372.31522298885375,365.40227208025624,369.8952032127752,62219200
2022-07-13,143.5381317138672,144.48524405643747,140.21333293071814,141.07167136789155,71185600,111.78534698486328,114.74471507098775,111.42265175107768,112.2357322107201,38958000,237.0399932861328,242.05999755859375,225.03334045410156,225.5,97954500,365.2480163574219,368.22725828508226,361.2275374086458,361.651764699548,84224600
2022-07-14,146.47817993164062,146.95173620541186,141.32820841037068,142.14707522894162,78140700,111.041015625,111.58655602787921,108.9340841886022,110.42920789830181,32366000,238.31333923339844,238.65333557128906,229.3333282470703,234.89666748046875,78557400,364.3609924316406,365.46010530309456,357.7373036839433,360.21514044592305,89704800
2022-07-15,148.15533447265625,148.83607991941642,146.21176256532723,147.77056727067165,76259900,112.36327362060547,113.59236271501223,111.42215891965498,112.55857105646754,34330000,240.06666564941406,243.6233367919922,236.88999938964844,240.0,69683100,371.3221130371094,371.43780602364194,366.89667976156716,368.8345961328782,79060400
2022-07-18,145.096923828125,149.53655206440538,144.7318774919245,148.71768549433543,81420900,109.51649475097656,114.3889865592298,108.9086781154041,113.03385513586294,33354000,240.54666137695312,250.51666259765625,239.60333251953125,244.93666076660156,82537500,368.25616455078125,375.14016268391526,367.0124059860265,374.4556261693067,63203600
2022-07-19,148.97422790527344,149.2011380770062,144.9391017690307,145.93554648323237,82982400,114.20964050292969,114.39895509599646,110.10438817975044,111.32998788177952,30992300,245.52999877929688,247.13999938964844,236.97666931152344,245.0,80890200,378.20611572265625,378.7846100866812,371.57280587529993,372.23804055696615,78506000
2022-07-20,150.98684692382812,151.65773204162863,148.35266878408055,149.09260697122585,64823400,114.28934478759766,115.91351388100477,112.85450548558248,113.65163674179546,26780100,247.5,250.663330078125,243.48333740234375,246.78334045410156,88864200,380.6165466308594,382.05314659742135,377.0106439354758,378.39901886680593,71843800
2022-07-21,153.26589965820312,153.48294944057972,149.9016430854502,152.42729685774054,65086600,114.62812805175781,114.79751758342807,111.50933699550689,114.67794447761882,27267800,271.7066650390625,273.26666259765625,254.86666870117188,255.10667419433594,142032300,384.4924011230469,384.5405967300921,377.5891012882815,380.0283933584103,64903900
2022-07-22,152.02276611328125,154.18338806700862,151.3518960375733,153.30532867140192,66675400,107.9720458984375,112.77478884185437,107.21476475157722,111.40969103268355,44455300,272.24334716796875,280.78668212890625,270.71331787109375,276.2200012207031,103472700,380.9250183105469,385.83252537522435,378.66891677388514,384.6177195776038,72197300
2022-07-25,150.8980712890625,152.9600289398078,150.2370615899563,151.94384827732253,53623900,107.82258605957031,110.18410373138246,106.62688533581316,108.4901855036334,28289900,268.4333190917969,274.14666748046875,267.3999938964844,272.2166748046875,64073400,381.3878479003906,382.255574798154,379.1124444150991,381.56138739525375,53631500
2022-07-26,149.56619262695312,151.03619366544015,148.77692214064683,150.21732685312958,55138700,105.0625,107.35426084471665,104.3849342715448,107.04537315744773,36626600,258.8599853515625,267.30999755859375,256.2633361816406,266.5133361816406,66820800,376.87567138671875,379.9320028169909,375.969370284275,379.7198891669839,52946400
2022-07-27,154.68653869628906,155.21930262420085,150.11866383304508,150.53302741359812,78620700,113.19328308105469,113.99042192893909,108.03182842630586,109.20760404579164,41474600,274.82000732421875,275.9266662597656,261.7900085449219,263.80999755859375,88110000,386.6617431640625,388.4357711320092,379.9223317559351,380.2212151436982,82342100
2022-07-28,155.2390594482422,155.5251622969192,152.3384989393396,154.87401298796493,81378700,114.17974090576172,114.28934769161397,111.4505486626162,112.39615615870369,23303800,280.8999938964844,283.29998779296875,272.79998779296875,280.0666809082031,84723000,391.5113830566406,392.2151919018392,383.87532189725613,387.48125356137086,73966600
2022-07-29,160.32980346679688,161.43478808024193,157.36019024896586,159.07685228933292,101786900,116.22239685058594,116.48146810930595,112.82460951993647,112.99399904975834,31336200,297.1499938964844,298.32000732421875,279.1000061035156,280.70001220703125,95313000,397.2191467285156,398.2218684368009,392.1862952516389,392.96725242706384,87003700
2022-08-01,159.34324645996094,161.39534388845098,158.73156892840237,158.84995424313402,67829400,115.0665512084961,116.70067892121887,114.27937872703782,115.11636763264161,22856200,297.27667236328125,311.8766784667969,295.0,301.27667236328125,117042900,396.0428771972656,398.5882408440128,393.75785221915515,394.4809628792381,69997500
2022-08-02,157.86334228515625,160.23115354553508,157.48845050250915,157.9521463098053,59907000,115.48505401611328,116.6608296605323,113.85092618516884,114.02031572326048,17911000,300.586669921875,307.8333435058594,292.6666564941406,294.0033264160156,95577600,393.42999267578125,398.1928832702256,392.23445929405557,394.45198658405207,63435400
2022-08-03,163.9012451171875,164.3550654387107,158.59341707220835,158.6822060411045,82507500,118.35474395751953,118.99245202851853,115.73416259082299,115.92347718553592,25302800,307.39666748046875,309.54998779296875,301.1499938964844,305.0,80091000,399.59100341796875,400.7768861908393,395.3005346264235,395.5897671506721,67820600
2022-08-04,163.5855255126953,164.94701654031078,162.22403448507984,163.78283934395313,55474100,118.44441986083984,119.07216157423153,117.28856928777384,117.87646090051038,15757700,308.6333312988281,313.6066589355469,305.0,311.0,72256200,399.3210144042969,400.2080136968768,397.6530285057676,399.51382626538214,45656600
2022-08-05,163.35829162597656,163.852268903255,161.03659239277184,161.24406948222443,56697000,117.79674530029297,118.43445333883389,116.29214933338572,116.51136289702407,15615700,288.1700134277344,304.6066589355469,285.5433349609375,302.6700134277344,113172900,398.64605712890625,399.3016703493972,394.91481111342705,394.9726576079736,56814900
2022-08-08,162.88406372070312,165.78865254333672,162.2221359735368,164.36599556286393,60276900,117.71703338623047,120.42729643145064,117.408145683986,118.69352812537703,17061100,290.42333984375,305.20001220703125,289.086669921875,295.0,98994000,398.18328857421875,402.64729645321535,397.0648738817108,400.3622714599195,53886100
2022-08-09,162.93348693847656,163.82265521141719,161.28360440228838,162.04433374052826,63135500,117.0793228149414,117.77681361215606,116.14268579975644,117.56756637299166,15424300,283.3333435058594,292.39666748046875,279.35333251953125,290.2933349609375,86244600,396.6020202636719,397.9518206756422,395.51252904504656,397.44082375455906,44931800
2022-08-10,167.20144653320312,167.30023295092772,164.8896212485773,165.6602246517888,70170500,120.2180404663086,121.34399201061156,118.93265811816849,119.16183039608543,20497000,294.3566589355469,297.510009765625,283.3699951171875,297.0666809082031,94918800,404.9323425292969,405.07698820856416,401.7795904586766,403.76573216776944,68665700
2022-08-11,166.46047973632812,168.93036629204852,166.16409033464345,168.0115606543251,57149200,119.3910140991211,121.90198852332713,119.1219841116302,121.64292486191498,16671600,286.6300048828125,298.2366638183594,285.8333435058594,296.5133361816406,70155000,404.9323425292969,409.7145358269601,404.18030857559614,407.82478533944567,59489700
2022-08-12,170.02696228027344,170.09611125091075,167.35947327736744,167.77442740114387,68039400,122.21089172363281,122.21089172363281,119.96894714183715,120.72622832915938,16121100,300.0299987792969,300.1600036621094,285.0333251953125,289.4166564941406,79657200,411.78741455078125,411.8934566554667,405.9350320019069,406.89917952863624,61694500
2022-08-15,171.10386657714844,171.30145449022353,169.2860336568712,169.45398413673462,54091700,122.44005584716797,122.81870021658315,121.13474841048986,121.77245644078141,15525000,309.32000732421875,313.1333312988281,301.2300109863281,301.78668212890625,89359200,413.4842529296875,414.0145516705404,409.4830469777171,409.54089346967277,54048300
2022-08-16,170.94578552246094,171.6176024984577,169.5922925263229,170.6987968691516,56377100,122.0713882446289,122.78681234898862,121.0998804885519,121.88206605551868,15626200,306.5633239746094,314.6666564941406,302.8833312988281,311.6666564941406,88136400,414.2942199707031,416.2514383484514,411.5753167789201,412.394848092912,59289000
2022-08-17,172.44749450683594,174.02821296907027,170.49134843763704,170.6889363610423,79542000,119.88922119140625,121.71267111544603,119.76964808747474,120.49703783275284,17589200,303.9966735839844,309.65667724609375,300.0333251953125,303.39666748046875,68766000,411.35357666015625,414.1014032649982,409.3192393028789,410.64011683604195,63563400
2022-08-18,172.05230712890625,172.7932731631823,171.03471498116653,171.65713127395603,62290100,120.42729187011719,121.25432208901819,119.12198442728072,119.79955016292212,15652000,302.8699951171875,306.5,301.85333251953125,306.0,47500500,412.549072265625,413.24323019281263,410.24474570468794,411.5559721317475,49023200
2022-08-19,169.45396423339844,171.6472244834014,169.2464871502945,170.94577013813446,70346300,117.69710540771484,119.57037182963043,117.24871195210602,119.44083999689695,20187000,296.6666564941406,300.3599853515625,292.5,299.0,61395300,407.0052795410156,410.01341532718374,406.1182508080291,409.7434551777443,68016900
2022-08-22,165.55157470703125,167.81398431506034,165.12674635116147,167.64603382669068,69026800,114.65802001953125,116.08290056227584,114.25945060018911,115.68433114293369,19316000,289.913330078125,292.3999938964844,286.2966613769531,291.913330078125,55843200,398.5303649902344,402.27126190393597,397.6144131188837,402.0976929964802,77695600
2022-08-23,165.21563720703125,166.67782081300345,164.6426217519865,165.06745005270514,54147100,114.35909271240234,115.51494328504332,113.8907818101214,113.91070686044165,14390700,296.4533386230469,298.82666015625,287.92333984375,291.4533386230469,63984900,397.56622314453125,400.5261629986592,397.0070011235412,398.0964924943304,49105200
2022-08-24,165.51205444335938,166.08506999483225,164.24747359700294,165.3045923923907,53841500,114.28934478759766,115.30270959475833,113.37264042201694,114.04023984464119,16051200,297.0966796875,303.64666748046875,296.5,297.5633239746094,57259800,398.83892822265625,400.22727361905436,396.64067299514124,397.3348309816162,49177800
2022-08-25,167.98194885253906,168.09062448057225,166.32219206984308,166.74700538624973,51218200,117.27860260009766,117.35831800532122,114.63809632026195,114.7377367757517,14874700,296.07000732421875,302.9599914550781,291.6000061035156,302.3599853515625,53230000,404.469482421875,404.5176780221678,399.2437906033172,400.35255422104166,50942300
2022-08-26,161.64915466308594,168.9896664440764,161.58987978887768,168.5154523754168,78961000,110.90152740478516,116.18254781324933,110.82181199583752,115.39537525457098,31698700,288.0899963378906,302.0,287.4700012207031,297.42999267578125,57163900,390.7786865234375,404.9034438867614,390.7208400175948,404.35390208125574,103087000
2022-08-29,159.43614196777344,160.93782232990517,157.89493497374747,159.20890152186448,73314000,109.94495391845703,111.55915668474417,109.41685265599014,110.38338105050332,20386100,284.82000732421875,287.739990234375,280.70001220703125,282.8299865722656,41864700,388.1947326660156,391.28963806216694,386.8160087314921,387.7801562812481,65370800
2022-08-30,156.99588012695312,160.60190864014237,155.82021165840885,160.1770953683111,77906200,109.51649475097656,110.97126662563352,108.4104682568745,110.63247996875224,20548200,277.70001220703125,288.4800109863281,272.6499938964844,287.8699951171875,50541800,383.93316650390625,389.61200938393006,381.80240877431163,389.37097250970385,85652400
2022-08-31,155.3262176513672,158.6457455871262,155.24717947730267,158.3789936340322,87991100,108.75921630859375,111.36983116607585,108.65957585485644,111.23033301042777,25898000,275.6099853515625,281.25,271.80999755859375,280.6199951171875,52107300,381.0118103027344,386.85454192635757,380.87684494998143,385.5915110276717,76029700
2022-09-01,156.0573272705078,156.5117779795205,152.80694794412756,154.75321986205336,74229900,110.15420532226562,110.82180472371466,107.80265412717766,108.80903259130379,22784400,277.1600036621094,277.5799865722656,266.1499938964844,272.5799865722656,54287000,382.20733642578125,382.55441537667303,376.05607112623613,378.80389718124053,78740100
2022-09-02,153.93319702148438,158.42839326812575,153.10331881210172,157.825740385719,76957800,108.29090118408203,111.27518113959766,107.74286726835143,110.94137382596567,20618100,270.2099914550781,282.3500061035156,269.0799865722656,281.07000732421875,50890100,378.1772155761719,387.16307756570666,376.33569027365184,385.928969911344,99632100
2022-09-06,152.66860961914062,155.19777075928334,151.83873144659182,154.58524378549583,73714800,107.09519958496094,108.49018117296671,106.12867119750015,107.74785331408067,20565100,274.4200134277344,275.989990234375,265.739990234375,272.67999267578125,55860000,376.75030517578125,379.98982681297895,374.4942034448511,379.0353301562061,76637400
2022-09-07,154.08140563964844,154.78284496179006,151.75970630582015,152.95513800164022,87449600,110.08445739746094,110.59262599679866,107.22970933833248,107.37419445934216,22987200,283.70001220703125,283.8399963378906,272.2699890136719,273.1000061035156,50028900,383.51861572265625,384.29957289336346,376.2103901549736,376.4321252630457,70964200
2022-09-08,152.59945678710938,154.47656428354657,150.8408839301981,152.7772813588819,84923800,109.02825164794922,110.18410225388442,107.67312012475332,108.78911302682044,21660700,289.260009765625,289.5,279.760009765625,281.29998779296875,53713100,386.0253601074219,386.48813205166016,379.9897876647904,381.21427375529265,80821700
2022-09-09,155.47442626953125,155.9190179443951,152.88598978028585,153.5973183700772,68028800,111.37979888916016,111.59901245137951,109.60617294331915,109.65599697185243,21732900,299.67999267578125,299.8500061035156,291.25,291.6700134277344,54338100,392.0223693847656,392.8997471181986,388.0307847133308,388.30074482950664,76706900
2022-09-12,161.46141052246094,162.28141463666398,157.38116833912534,157.66766853565863,104956000,111.469482421875,112.2367222999648,110.5328454052816,111.58904792896041,19732900,304.4200134277344,305.489990234375,300.3999938964844,300.7200012207031,48674600,396.23577880859375,396.96854047122133,393.8157586821965,394.12429300577156,69256300
2022-09-13,151.98695373535156,158.60624748496193,151.5226138010885,157.97395705373035,122656600,104.93296813964844,108.97843775235964,104.62408043009182,108.50015289690694,33015000,292.1300048828125,297.3999938964844,290.3999938964844,292.8999938964844,68229600,379.00640869140625,388.64788421434486,377.8687216413271,387.4233979919248,122947100
2022-09-14,153.43923950195312,155.2076868276392,151.75971955478735,152.9254988454698,87965400,105.490966796875,105.72013909334997,104.12586893627275,105.06250597946553,22115800,302.6099853515625,306.0,291.6400146484375,292.239990234375,72628700,380.4526062011719,381.99524807295285,377.0973623368068,380.32726231946924,85023700
2022-09-15,150.53463745117188,153.37007740177668,149.55657204599007,152.78717273127475,90481100,103.52801513671875,105.8297423619326,102.94012352210113,104.63404168438555,26494900,303.75,309.1199951171875,300.7200012207031,301.8299865722656,64795500,376.13330078125,381.76391988976656,374.84134637769733,378.87147675312394,87633800
2022-09-16,148.884765625,149.52694520493873,146.58282943689548,149.38863215425823,162278800,103.25897979736328,103.6575492326074,101.49034075697695,102.6013466909782,64540100,303.3500061035156,303.7099914550781,295.6000061035156,299.6099853515625,87087800,373.26373291015625,373.93172982017614,369.9237483600568,371.8890360404868,103084800
2022-09-19,152.61924743652344,152.69828562649494,147.30406106713136,147.5115231251874,81474200,103.47818756103516,103.64757709083413,102.00349061607582,102.1728801458748,19738600,309.07000732421875,309.8399963378906,297.79998779296875,300.0899963378906,60231200,376.15838623046875,376.15838623046875,369.9915424295266,370.06900762147643,73278500
2022-09-20,155.0100860595703,156.17588044200602,151.23610695285475,151.5522446171644,107689800,101.46542358398438,102.80062238178697,100.75796648337682,102.51165974597612,24001700,308.7300109863281,313.3299865722656,305.5799865722656,306.9100036621094,61642800,371.8406677246094,373.8059261504233,369.04285044434124,372.77973384202687,77274900
2022-09-21,151.86839294433594,156.8279296043556,151.749843208038,155.44478402258142,101696800,99.65194702148438,103.11948369249984,99.6320143681807,101.87395893381444,26596800,300.79998779296875,313.79998779296875,300.6300048828125,308.2900085449219,62555700,365.35430908203125,376.89414042724246,365.34461854740647,373.7961828672283,106746600
2022-09-22,150.90020751953125,152.60936494328968,149.09224859498065,150.54454322166896,86652500,100.2099380493164,101.31596462518958,99.0540950451547,99.09394514695363,21272700,288.5899963378906,301.2900085449219,285.82000732421875,299.8599853515625,70545400,362.285400390625,366.2352682867824,361.53027728352225,364.5701212372336,89472600
2022-09-23,148.6179962158203,149.64547739323916,146.77052602515988,149.36885132431644,96029900,98.81494903564453,99.75158607361946,97.65910602898245,99.70176204314346,25657000,275.3299865722656,284.5,272.82000732421875,283.0899963378906,63748400,356.21533203125,358.80016371301645,351.7039454387932,358.7614311226084,122346900
2022-09-26,148.9539337158203,151.91779780340053,147.8375400855009,147.85730340041596,93339400,98.45623779296875,100.08040692879655,98.02777697580973,98.2569568742305,22437900,276.010009765625,284.0899963378906,270.30999755859375,271.8299865722656,58076900,352.69146728515625,358.40329929160526,351.45229007174254,354.7245002486219,92581200
2022-09-27,149.93197631835938,152.85632840448,148.14378100395362,150.90018262642735,84442700,97.73881530761719,100.10033298908179,96.99150045169445,99.55230665598636,24225000,282.94000244140625,288.6700134277344,277.510009765625,283.8399963378906,61925200,351.7911682128906,358.58727725240067,349.36120713685466,356.28317497151977,108294100
2022-09-28,148.0351104736328,148.82547715169355,143.09533757949137,145.8616134152087,146691400,100.37932586669922,101.03696656629188,97.44985690164711,97.66906286609841,24617000,287.80999755859375,289.0,277.57000732421875,283.0799865722656,54664800,358.7131042480469,360.42664500229324,351.0360138673349,352.75924515706276,110802200
2022-09-29,140.76376342773438,144.9526962468605,138.98544218022843,144.34016923521585,128138200,97.73881530761719,98.9444899650028,96.17443651330211,98.9444899650028,21921500,268.2099914550781,283.6499938964844,265.7799987792969,282.760009765625,77620600,351.219970703125,355.40217553713336,348.22852000794325,355.11175490432606,112952300
2022-09-30,136.5353240966797,141.37631073101744,136.3377361896639,139.5782261046943,124925300,95.80575561523438,99.13778485362366,95.68618251456104,97.3801005647444,26277800,265.25,275.57000732421875,262.4700012207031,266.1499938964844,67726600,345.7888488769531,354.2404433434599,345.6533291041118,350.2615036340731,153711200
2022-10-03,140.734130859375,141.34667296717555,136.03147235346887,136.54521297049774,114311700,98.9444808959961,99.61208028159741,96.67263755647545,96.87192606103646,24840000,242.39999389648438,255.16000366210938,241.00999450683594,254.5,98363500,354.9181213378906,356.79625354761356,347.7541268025713,349.56448434988897,89756500
2022-10-04,144.3401641845703,144.45871390525903,142.5223163757339,143.28304559179628,87830100,102.04335021972656,102.35223790948012,100.67825242583612,100.67825242583612,22580900,249.44000244140625,257.5,242.00999450683594,250.52000427246094,109578500,365.9158630371094,365.94490510177326,354.87943530004645,360.52349319140194,103602800
2022-10-05,144.6365509033203,145.6047572886982,141.28738533142962,142.33462989571538,79471000,101.8540267944336,102.3721617130739,99.38290250025544,100.32950581222886,18475500,240.80999755859375,246.6699981689453,233.27000427246094,245.00999450683594,86982700,365.0638427734375,367.3582540101108,359.11967500673023,361.48186089414946,88065700
2022-10-06,143.67822265625,145.76280735519018,143.4707606431982,144.0536502084257,68402200,101.87395477294922,103.35862569816089,101.13660627450554,101.13660627450554,17156200,238.1300048828125,244.5800018310547,235.35000610351562,239.44000244140625,69298400,361.2979736328125,366.64191998833587,360.79453848612263,363.64077881251984,82333500
2022-10-07,138.40255737304688,141.37631039018268,137.77026702712604,140.82304314688486,85925600,99.21351623535156,101.05689129018879,98.85480450983864,100.28965141189032,24249900,223.07000732421875,234.57000732421875,222.02000427246094,233.94000244140625,83916800,351.219970703125,361.3851064718136,349.4289646826356,357.20287209348857,107789500
2022-10-10,138.72857666015625,140.18087106049856,136.90086978029677,138.72857666015625,74899000,98.35659790039062,99.63201403265658,97.51960891437102,99.49251586831998,16529900,222.9600067138672,226.99000549316406,218.36000061035156,223.92999267578125,67925000,348.5382995605469,352.5946752359175,346.2632689518982,352.35264818867256,76042800
2022-10-11,137.30592346191406,139.6473860701425,136.55508340726573,138.21483986753802,77033700,97.69896697998047,99.76155571571407,96.90182807834972,97.89824790434817,21617700,216.5,225.75,215.0,220.9499969482422,77013200,346.3309631347656,351.45226297366156,344.36570498195,346.8150171580632,92482800
2022-10-12,136.6736297607422,138.66930218634442,136.49580517652515,137.45412230255747,70433700,97.94807434082031,99.29124787352076,97.32032496970069,97.91817535955926,17343400,217.24000549316406,219.3000030517578,211.50999450683594,215.3300018310547,66860700,345.18865966796875,348.34470187462614,344.93694208015404,346.7473292431263,76991800
2022-10-13,141.26763916015625,141.86040289815247,132.7514599268568,133.36400205360843,113224000,99.35301208496094,100.17007597361382,94.92890597455394,95.58654665672985,32812200,221.72000122070312,222.99000549316406,206.22000122070312,208.3000030517578,91483000,354.2984924316406,355.7893870513574,337.00806787188105,338.07299260025013,147254500
2022-10-14,136.71316528320312,142.77920605337536,136.52545149320736,142.5717289499613,88598000,96.83207702636719,100.92736303614488,96.6826125350895,100.26474295307499,22624800,204.99000549316406,226.25999450683594,204.16000366210938,224.00999450683594,94124500,346.2245178222656,358.4517283217803,345.57587237086454,356.7962421353168,123737000
2022-10-17,140.6946258544922,141.17871398682112,138.5804034985276,139.37077023650323,85250900,100.41918182373047,101.4056352538867,99.15373207814254,99.16369080220836,23311600,219.35000610351562,221.86000061035156,209.4499969482422,210.0399932861328,79428800,355.12139892578125,356.2444077994036,345.88563993610825,352.40101769231205,93168200
2022-10-18,142.0184783935547,144.93294154385023,138.91630145112296,143.73752488075877,99136600,101.02699279785156,103.846862373993,100.28964434826568,103.56786607426207,21610500,220.19000244140625,229.82000732421875,217.25,229.5,75891900,359.2939758300781,363.4762100518132,355.79909010979594,363.16640835887387,97162900
2022-10-19,142.12713623046875,143.2040030269989,139.7955629868406,139.98327675549967,61758300,99.93093872070312,101.29503305522745,99.27828499372607,100.3394668695409,21573700,222.0399932861328,222.92999267578125,217.77999877929688,219.8000030517578,66571500,356.7478332519531,359.99100128128833,353.89190255202044,357.22219676464755,79746900
2022-10-20,141.66281127929688,144.13269781047578,140.93171943907114,141.29727289667952,64522000,100.17007446289062,102.63123241778574,99.61208184551754,100.45903709748147,25125100,207.27999877929688,215.5500030517578,202.0,208.27999877929688,117798100,353.7564392089844,360.7849145587857,352.98193488232465,356.2928780971168,88283100
2022-10-21,145.49607849121094,146.06909396950246,140.93171797792078,141.14906919641035,86548600,101.11668395996094,101.2561821228441,97.8783196320254,98.10749192729926,28988700,214.44000244140625,214.66000366210938,203.8000030517578,206.4199981689453,75713800,362.3532409667969,362.8469560784398,351.94607739987106,353.47567541764914,131038400
2022-10-24,147.64981079101562,148.42041416694138,144.241370462884,145.41703883961424,75981900,102.60134887695312,102.73088071528335,99.94090981329208,101.7244945803183,24680800,211.25,213.5,198.58999633789062,205.82000732421875,100446800,366.7871398925781,367.9391909854961,361.21082734496287,363.90219643662965,85436900
2022-10-25,150.5050048828125,150.65320712247134,147.56090430315092,148.28210696285174,74732300,104.5543212890625,104.72371081658339,102.65115597913523,102.93015988585563,29910200,222.4199981689453,224.35000610351562,210.0,210.10000610351562,96507900,372.6441650390625,372.96362769729376,366.5934897032855,366.70965794264237,78846300
2022-10-26,147.55101013183594,150.15920940047252,146.2567770779952,149.14161747473483,88194300,94.48052215576172,98.18720491133324,94.23141721360857,96.41357893953557,71504300,224.63999938964844,230.60000610351562,218.1999969482422,219.39999389648438,85012500,369.836669921875,375.21934894648086,369.18805399725676,369.44943256540364,104087300
2022-10-27,143.0558319091797,147.25463904177826,142.3939041231572,146.28644773572952,109180200,92.26847076416016,94.82926931289944,91.5709799540287,93.97234768783527,54036500,225.08999633789062,233.80999755859375,222.85000610351562,229.77000427246094,61638800,367.8617248535156,372.7216168581545,367.23243095583604,370.8531753240205,81971800
2022-10-28,153.86404418945312,155.60283873819793,146.0394461076168,146.41485857865877,164762400,96.23422241210938,96.51321872906027,91.99245971580538,92.19871933628254,35696900,228.52000427246094,228.86000061035156,216.35000610351562,225.39999389648438,69152400,376.6134338378906,377.09748792826366,367.57130697504016,367.7552498929273,100302000
2022-10-31,151.4929656982422,152.38213394751943,150.09007187381837,151.3151410933819,97943200,94.32110595703125,96.00505032174497,94.04210201533373,95.43709131550092,29868700,227.5399932861328,229.85000610351562,221.94000244140625,226.19000244140625,61554300,373.8930358886719,376.01319507548106,372.97335088370846,374.1157113964752,96631300
2022-11-01,148.8353729248047,153.57755860812748,147.33369260049676,153.21202018477516,80379300,90.17599487304688,95.82071413839937,90.10624578883049,95.24776817326182,43220600,227.82000732421875,237.39999389648438,227.27999877929688,234.0500030517578,62688800,372.2569274902344,377.9397470302325,371.06617339876476,377.69771999774645,85407600
2022-11-02,143.2830810546875,150.33707760635443,143.25344361717998,147.15586199726997,93604600,86.75827026367188,90.97312929368631,86.69848750931467,90.58452618620522,43553600,214.97999572753906,227.8699951171875,214.82000732421875,226.0399932861328,63070300,362.9147033691406,376.23588118409805,362.80822565217966,371.6567189241273,126990400
2022-11-03,137.2071533203125,141.07993392854812,137.0787143855393,140.348842024828,97918500,83.19108581542969,86.24013553040233,83.15122811173491,86.0358676497465,48510400,215.30999755859375,221.1999969482422,210.13999938964844,211.36000061035156,56538800,359.17779541015625,362.2660626107666,357.02859424773015,359.6231168634692,87100100
2022-11-04,136.93995666503906,141.18530623843904,132.9815825695617,140.61134018259497,140814800,86.38959503173828,86.41949401197418,83.57969145387628,85.2038606197644,40173300,207.47000122070312,223.8000030517578,203.0800018310547,222.60000610351562,98622200,364.34747314453125,366.78709481210944,358.1999810739933,364.97673747269044,103505200
2022-11-07,137.4743194580078,137.70192172217736,134.25814076431703,135.6831577399827,83374600,88.33261108398438,88.62157371956648,86.64865929810489,87.02729606089562,26899900,197.0800018310547,208.89999389648438,196.66000366210938,208.64999389648438,93916500,367.8326721191406,368.43289439398984,363.5536214606553,365.66408995748435,68286900
2022-11-08,138.0482940673828,139.9582022856921,136.05921655660495,138.9488277817145,89908500,88.59168243408203,90.08132507503518,87.33619143732746,88.84078736824321,30172000,191.3000030517578,195.1999969482422,186.75,194.02000427246094,128803400,369.8172912597656,372.83778378066086,365.6737898064811,368.955660876345,84641100
2022-11-09,133.4664764404297,137.1081885341623,133.18939145612384,137.05870583696503,74917800,87.08708953857422,89.16960321174938,87.04723183546967,88.22798683188337,26743900,177.58999633789062,195.88999938964844,177.1199951171875,190.77999877929688,127062700,362.19830322265625,368.9847507396869,361.69486808138663,367.8133186181293,78495500
2022-11-10,145.3415985107422,145.3415985107422,138.04829894677263,139.77019714382882,118854000,93.83283996582031,94.21148431166819,91.32186570309348,92.00939011672453,42371200,190.72000122070312,191.0,180.02999877929688,189.89999389648438,132703000,382.1026306152344,382.4414743965753,373.3412631589039,375.67437793896266,141455800
2022-11-11,148.14215087890625,148.44892246229622,142.86761546449372,144.30253818680043,93979700,96.38368225097656,97.01142393385817,93.82288389085443,94.37091017214117,30569100,195.97000122070312,196.52000427246094,182.58999633789062,186.0,114403600,385.80078125,386.61398853579925,381.0570277663643,382.9738925042368,93839900
2022-11-14,146.73690795898438,148.71609475648887,145.89574753004618,147.41972982012294,73374100,95.68618774414062,96.83207198146314,94.77247101232672,95.15808649094245,24170100,190.9499969482422,195.72999572753906,186.33999633789062,192.77000427246094,92226600,382.5188903808594,387.4175152931954,382.23813074283703,384.0097852154927,71903500
2022-11-15,148.47862243652344,151.9916828627876,147.01402808388394,150.63594441406053,89868300,98.3665542602539,100.06046471389824,96.67263620453053,98.31673023429065,31831000,194.4199981689453,200.82000732421875,192.05999755859375,195.8800048828125,91293800,385.7813720703125,389.479551956811,381.90893982333523,388.35654305987,93194500
2022-11-16,147.2416229248047,148.31038580901588,145.75723254673355,147.57809621983398,64218300,98.63558959960938,99.49251119864597,97.55148745848153,97.66906121915558,24660200,186.9199981689453,192.57000732421875,185.66000366210938,191.50999450683594,66567600,382.8383483886719,385.0940271939793,382.19939351667114,384.12591912324734,68508500
2022-11-17,149.15155029296875,149.90363600150542,144.62910024163597,144.90618524478106,80389400,98.14734649658203,99.12384120765589,96.75235731022487,96.83207271563487,21818700,183.1699981689453,186.16000366210938,180.89999389648438,183.9600067138672,64336000,381.6669616699219,382.35433975366595,377.69774174407075,378.0075139098086,74496300
2022-11-18,149.71559143066406,151.11092186598808,148.4093358848275,150.72498101153658,74829600,97.44985961914062,98.80499115723032,96.39364946022732,98.65552666660223,24969900,180.19000244140625,185.19000244140625,176.5500030517578,185.0500030517578,76048900,383.39984130859375,385.12307250727935,380.50520760683605,385.0552978511204,92922500
2022-11-21,146.46974182128906,148.8051832977112,146.18276632418628,148.59737709980914,58724100,95.48690795898438,98.36656047331267,95.32747714749516,97.21070989625437,18696900,167.8699951171875,176.77000427246094,167.5399932861328,175.85000610351562,92882700,382.0057678222656,383.196551409338,380.13732629854326,382.05419095337123,51243200
2022-11-22,148.61712646484375,148.8546343118898,145.40094798191168,146.58847211714544,51804100,96.98153686523438,97.19875108141898,94.0719929965356,95.81572757293841,18868900,169.91000366210938,170.9199981689453,166.19000244140625,168.6300048828125,78452300,387.1464538574219,387.3110452469195,382.54794001923767,383.9807507563523,60429000
2022-11-23,149.4979248046875,150.25001056709232,147.78591686263252,147.89477277166492,58301400,98.46619415283203,98.71430320473314,96.99148965636664,96.99148965636664,17568900,183.1999969482422,183.6199951171875,172.5,173.57000732421875,109536700,389.5860900878906,390.0798051483823,386.57525841416384,386.80759491321874,68261600
2022-11-25,146.56869506835938,147.33068629749027,145.5889920594768,146.7666107499522,35195900,97.25056457519531,98.58577097262202,97.18081549785745,98.11246551703016,8567800,182.86000061035156,185.1999969482422,180.6300048828125,185.05999755859375,50672700,389.4989318847656,390.0604511463394,388.7341477321244,389.0148778185958,30545400
2022-11-28,142.7191925048828,145.11400724355855,141.88793749145825,143.62961681958598,69246000,95.90540313720703,97.4797482028156,95.54669141081318,96.85199888058659,19974500,182.9199981689453,188.5,179.0,179.9600067138672,92905200,383.28369140625,388.0274153110278,382.50918717947457,386.36226815385476,67881600
2022-11-29,139.70091247558594,143.30303220881638,138.88945365820908,142.78843936121245,83763800,95.09830474853516,96.04490048389862,94.05206095506648,95.65629738394271,20220000,180.8300018310547,186.3800048828125,178.75,184.99000549316406,83357100,382.6253662109375,384.6293274782321,380.75689516717284,383.4191923810261,52310000
2022-11-30,146.48951721191406,147.1723391084902,139.08736243308402,139.92850780567963,111380900,101.08678436279297,101.08678436279297,94.33105942243202,94.77945288788516,39888100,194.6999969482422,194.75999450683594,180.6300048828125,182.42999267578125,109186400,394.6782531738281,394.6782531738281,380.93113762000996,382.8770145646401,144566700
2022-12-01,146.76661682128906,147.5780907793863,145.0843108081597,146.66766652639865,71250400,100.91739654541016,102.22270405614789,100.30957985672775,101.03696965865385,21771500,194.6999969482422,198.9199981689453,191.8000030517578,197.0800018310547,80046200,394.38787841796875,396.9243168865928,391.8417494142645,395.73353329997985,76398200
2022-12-02,146.2718048095703,146.45982998027435,144.1342793426155,144.4410659948155,65447400,100.46900939941406,100.78786342860444,98.81494889655923,99.01423741610303,18821500,194.86000061035156,196.25,191.11000061035156,191.77999877929688,73645900,393.9328918457031,394.8525768639105,389.31502659462336,389.4215043101176,85342700
2022-12-05,145.1041259765625,149.3494762152611,144.25307480866473,146.23226216656641,68826400,99.51244354248047,101.38570994275777,98.99928797747218,99.45764015194175,19955500,182.4499969482422,191.27000427246094,180.5500030517578,189.44000244140625,93122700,386.8463134765625,392.0160072031906,385.47161651460664,391.0672801702586,77289800
2022-12-06,141.4228057861328,145.76712049590915,140.4431028192364,145.53951822683146,64727200,96.96160125732422,99.85121998769762,96.41357496840739,99.31315242255947,20877600,179.82000732421875,183.64999389648438,175.3300018310547,181.22000122070312,92150800,381.27001953125,387.23356927769385,379.1498898645426,386.68177008614003,77972200
2022-12-07,139.47329711914062,141.87800184878242,138.54307690109093,140.7102888771861,69721100,94.80934143066406,96.96160415342233,94.68478896099741,96.4235365722129,26647900,174.0399932861328,179.3800048828125,172.22000122070312,175.02999877929688,84213300,380.6213684082031,383.0222870329136,379.4693174532784,380.40838345323436,65927900
2022-12-08,141.16552734375,142.02648408244,139.63166927482092,140.87855183085378,62128300,93.61363220214844,95.52676389422075,93.46417532174225,95.34740803565396,25593200,173.44000244140625,175.1999969482422,169.05999755859375,172.1999969482422,97624500,383.6031494140625,384.68742577402145,380.72786713538227,382.5382541247339,60737900
2022-12-09,140.68063354492188,144.05515143475162,139.43373591172943,140.8587531496634,76097000,92.73678588867188,94.15170011009215,92.68696186030775,93.5638161062083,21885300,179.0500030517578,182.5,173.36000061035156,173.83999633789062,104872300,380.737548828125,384.9391343975422,380.61169004921084,382.34461180442423,81447700
2022-12-12,142.98634338378906,142.9962338809312,139.59203046458308,141.21496289563325,70462700,93.22502899169922,93.53890364431625,91.57097616662267,92.75671049480377,27380900,167.82000732421875,177.3699951171875,167.52000427246094,176.10000610351562,109794500,386.22674560546875,386.22674560546875,380.8634183577902,381.541076313997,75405800
2022-12-13,143.9561767578125,148.40934778946271,142.73898090382795,147.94423760704595,93886200,95.5068359375,99.44269869341419,95.03851741699175,97.71888910121486,34788500,160.9499969482422,175.0500030517578,156.91000366210938,174.8699951171875,175862700,389.1504211425781,397.3986916670746,386.3429135109124,397.1373131113237,123782500
2022-12-14,141.71969604492188,145.13379070269028,139.69102628885693,143.837425594668,82291200,94.96876525878906,96.87193065671889,93.60367504766108,95.19794514938691,26452900,156.8000030517578,161.6199951171875,155.30999755859375,159.25,140682300,386.662353515625,392.5678185944661,383.6709031535273,388.8018640572586,108111300
2022-12-15,135.0795135498047,140.3243621508591,134.6144033940509,139.64154021581635,98931900,90.87348175048828,93.69335157892858,90.10624185758189,93.20510801071543,28298800,157.6699981689453,160.92999267578125,153.27999877929688,153.44000244140625,122334500,377.2039794921875,382.6447425144485,375.5194807819786,381.72502796329087,117705900
2022-12-16,133.11021423339844,136.2175371723463,132.33833252308642,135.2675358827307,160156900,90.53469848632812,91.42151144971763,89.687743224921,90.87347755005923,48485500,150.22999572753906,160.99000549316406,150.0399932861328,159.63999938964844,139032200,372.7506103515625,375.9697604170376,370.58183480266615,374.6081913029361,119858000
2022-12-19,130.9924774169922,133.7930286341792,129.95341639612556,133.70396884953303,79592600,88.83082580566406,90.87348181407141,88.60663287331298,90.55462778533038,23020500,149.8699951171875,155.25,145.82000732421875,154.0,139390600,369.58984375,373.2855655915993,367.8976098216788,372.94516586303337,79878100
2022-12-20,130.92323303222656,131.8633439087619,128.538308891753,130.0226992547034,77432800,89.3091049194336,89.45856941149329,87.72480106900841,88.4123331712351,21976800,137.8000030517578,148.47000122070312,137.66000366210938,146.0500030517578,159563300,370.0955810546875,371.73919912766667,367.4794093139092,368.8215381242692,74427200
2022-12-21,134.04043579101562,135.3862835473447,131.36853637624424,131.5961386519474,85928000,89.92688751220703,90.58950759559919,88.5916886208579,89.40875255788285,20336400,137.57000732421875,141.25999450683594,135.88999938964844,139.33999633789062,145417400,375.6294250488281,376.77703128800573,372.1865766513119,372.73120434719226,78167400
2022-12-22,130.85394287109375,133.1596975133203,128.94403468461323,132.95189133655217,77852100,87.94401550292969,88.86071991346789,86.62874164369838,88.6116149582947,23656100,125.3499984741211,136.6300048828125,122.26000213623047,136.0,210090300,370.27069091796875,375.61000188323777,364.48398382665766,372.5367282555823,100120900
2022-12-23,130.48782348632812,131.0419935321367,128.290924304729,129.55760300943464,63814900,89.48845672607422,89.77741937038071,87.30630260857548,87.30630260857548,17815000,123.1500015258789,128.6199951171875,121.0199966430664,126.37000274658203,166989700,372.4005126953125,372.54638980329537,367.6544462490604,369.22997837523826,59857300
2022-12-27,128.67684936523438,130.04249330967795,127.38048421797244,130.01280671088563,69007800,87.61519622802734,89.17957506190152,87.22161373887047,88.99025286094808,15470900,109.0999984741211,119.66999816894531,108.76000213623047,117.5,208643400,370.9319763183594,372.6339452982889,369.23000733842986,372.283840211667,51638200
2022-12-28,124.72836303710938,129.66643238482206,124.56013395762797,128.32058464897267,85438400,86.15045166015625,88.20307393601679,86.06077753062657,87.18672912428298,17879600,112.70999908447266,116.2699966430664,108.23999786376953,110.3499984741211,221070500,366.3220520019531,372.8673485838514,366.0886486295166,370.86386081050694,70911500
2022-12-29,128.26121520996094,129.12215673015015,126.40078213242634,126.6580710085752,75703700,88.63153839111328,89.04505352139834,86.67855649047233,86.7184141948217,18280700,121.81999969482422,123.56999969482422,117.5,120.38999938964844,221923300,372.9159851074219,373.8010125170457,368.6756356327396,369.2105579642615,66970900
2022-12-30,128.577880859375,128.59767695809086,126.10390456985758,127.073709556948,77034200,88.4123306274414,88.5119710852544,86.71841243630188,87.05221215111922,19190300,123.18000030517578,124.4800033569336,119.75,119.94999694824219,157777300,371.9337158203125,372.0795929438076,368.04350090052577,370.19286601329674,84022200
